galaxy,file,M_b,R_scale,rho0_qfst,r_core_qfst,chi2_qfst,chi2red_qfst,rho_s_nfw,r_s_nfw,chi2_nfw,chi2red_nfw,N_points,plot
CamB,CamB_rotmod.dat,112394767.82493946,0.9,5794270.232004947,5.869657735810875,98.7962717750816,14.113753110725943,0.12641881046329217,0.05000005760757192,47.95888205613367,6.851268865161953,9,qfst_final_plots\CamB_final_compare.png
D512-2,D512-2_rotmod.dat,417340446.7705232,1.92,6415396.902454658,5.869657735810936,11.471791167291919,5.735895583645959,1089649.318707176,12.638268426982208,0.3919319303659716,0.1959659651829858,4,qfst_final_plots\D512-2_final_compare.png
D564-8,D564-8_rotmod.dat,77150562.58154926,1.53,5627490.147621362,5.869657735810917,10.381994897820228,2.595498724455057,30703.561103957243,199.99999992217116,3.312106032464295,0.8280265081160737,6,qfst_final_plots\D564-8_final_compare.png
D631-7,D631-7_rotmod.dat,658709784.2447227,1.8,6646737.427079802,5.8696577358109305,23.801045599099638,1.7000746856499742,71009.60494182323,199.99999999999977,104.87110973554789,7.490793552539135,16,qfst_final_plots\D631-7_final_compare.png
DDO064,DDO064_rotmod.dat,545773143.871749,1.88,6550405.624218132,5.869657735810934,48.2215021568629,4.018458513071908,108435.70858572828,199.99999999999707,6.986075484311344,0.5821729570259454,14,qfst_final_plots\DDO064_final_compare.png
DDO154,DDO154_rotmod.dat,390632815.8657719,2.96,6382547.945904542,5.8696577358109705,72.00419345912249,7.200419345912249,328573.6834946218,49.086091635974114,23.512427834198018,2.351242783419802,12,qfst_final_plots\DDO154_final_compare.png
DDO161,DDO161_rotmod.dat,2978338096.2107987,5.34,7472617.565352955,5.869657735811019,555.8063849371083,19.165737411624423,51992.88473955631,199.99999999999974,46.636812797587886,1.6081659585375134,31,qfst_final_plots\DDO161_final_compare.png
DDO168,DDO168_rotmod.dat,752060069.2634842,2.47,6715468.723472399,5.869657735810956,95.61282606441743,11.95160325805218,98557.34131847578,199.9999999977024,40.10070093872298,5.0125876173403725,10,qfst_final_plots\DDO168_final_compare.png
DDO170,DDO170_rotmod.dat,2423360617.8879323,6.35,7353959.452050788,5.869657735811034,175.95189287648256,29.32531547941376,569100.7463673388,26.685738108818764,5.831987429116547,0.9719979048527579,8,qfst_final_plots\DDO170_final_compare.png
ESO079-G014,ESO079-G014_rotmod.dat,66171727387.72523,10.04,9506187.76799024,5.86965773581107,34.52149084060694,2.655499295431303,154655.85830326827,199.99999999850445,42.074336214569634,3.236487401120741,15,qfst_final_plots\ESO079-G014_final_compare.png
ESO116-G012,ESO116-G012_rotmod.dat,7532770411.025998,3.68,8030692.330967313,5.869657735810989,114.94519665209064,8.841938204006972,186397.73539076195,199.99999999999517,31.20709599725407,2.4005458459426205,15,qfst_final_plots\ESO116-G012_final_compare.png
ESO444-G084,ESO444-G084_rotmod.dat,290668575.4477334,1.81,6237774.643083939,5.869657735810931,268.410837921658,53.6821675843316,2266914.1074370486,21.182336493579474,2.9197473838083985,0.5839494767616797,7,qfst_final_plots\ESO444-G084_final_compare.png
ESO563-G021,ESO563-G021_rotmod.dat,382574511234.0,12.06,10893259.468826182,5.869657735811085,416.2730858585432,14.8668959235194,252957.1359725287,199.99999999741325,329.7666828860283,11.777381531643869,30,qfst_final_plots\ESO563-G021_final_compare.png
F561-1,F561-1_rotmod.dat,7412943144.505325,8.06,8020702.763058763,5.869657735811053,180.93494694192827,45.23373673548207,0.012103925182600506,0.05000000053546684,3.7273968873168943,0.9318492218292236,6,qfst_final_plots\F561-1_final_compare.png
F563-1,F563-1_rotmod.dat,8113062367.671552,11.84,8077086.912816948,5.869657735811083,57.90165452654087,3.860110301769391,2586996.801984158,20.591104113503086,16.020261421419985,1.0680174280946657,17,qfst_final_plots\F563-1_final_compare.png
F563-V1,F563-V1_rotmod.dat,1740395505.430603,5.24,7167397.438479016,5.869657735811018,177.13827525037524,44.28456881259381,209612028.76372093,0.09443791269676664,0.8563793875862966,0.21409484689657415,6,qfst_final_plots\F563-V1_final_compare.png
F563-V2,F563-V2_rotmod.dat,7286328539.571201,7.86,8009984.202437025,5.86965773581105,68.62366515920417,8.57795814490052,2206827.0095540094,32.862942715387284,8.367061142683367,1.0458826428354209,10,qfst_final_plots\F563-V2_final_compare.png
F565-V2,F565-V2_rotmod.dat,2217729614.668812,6.29,7303517.002242614,5.869657735811032,14.475194342603352,2.8950388685206705,132468.53765571868,199.9999999991711,1.9792251227226803,0.3958450245445361,7,qfst_final_plots\F565-V2_final_compare.png
F567-2,F567-2_rotmod.dat,3743563179.6898484,7.67,7606441.036699492,5.869657735811048,29.163205653808642,9.721068551269548,869672.6434934594,12.611387802429897,1.2266769752832587,0.4088923250944196,5,qfst_final_plots\F567-2_final_compare.png
F568-1,F568-1_rotmod.dat,14592068479.957207,9.24,8453627.937146118,5.869657735811064,109.50237046033871,10.950237046033871,1466538.95827294,47.641209831983005,8.423914468445801,0.8423914468445801,12,qfst_final_plots\F568-1_final_compare.png
F568-3,F568-3_rotmod.dat,16383648081.983591,10.17,8529960.868350396,5.869657735811071,22.93103466205098,1.4331896663781862,103274.62023255555,199.9999999996513,49.01578868290472,3.063486792681545,18,qfst_final_plots\F568-3_final_compare.png
F568-V1,F568-V1_rotmod.dat,9817796411.28596,9.0,8197551.189818108,5.869657735811061,171.1516938731405,13.1655149133185,13886691.641411318,8.630105611515152,2.5333223970251177,0.19487095361731674,15,qfst_final_plots\F568-V1_final_compare.png
F571-8,F571-8_rotmod.dat,11568624595.883078,2.33,8302637.753608359,5.869657735810951,581.9882596241804,52.90802360219822,157881.49858191877,199.99999999999994,619.368824976042,56.30625681600382,13,qfst_final_plots\F571-8_final_compare.png
F571-V1,F571-V1_rotmod.dat,4853238126.997016,7.78,7761275.928493777,5.869657735811049,4.322331690645373,0.8644663381290746,548512.9265347704,42.51451551978953,1.6342470528946595,0.3268494105789319,7,qfst_final_plots\F571-V1_final_compare.png
F574-1,F574-1_rotmod.dat,10019950906.806553,7.99,8210530.436049567,5.869657735811051,65.62271879727672,5.46855989977306,2086434.6298304265,20.37918046916258,18.232371630120547,1.5193643025100456,14,qfst_final_plots\F574-1_final_compare.png
F574-2,F574-2_rotmod.dat,5319899301.110479,8.65,7816783.066104399,5.869657735811058,101.495011513355,33.831670504451665,0.12683808606379898,0.050000025116593586,3.3569881462121556,1.1189960487373851,5,qfst_final_plots\F574-2_final_compare.png
F579-V1,F579-V1_rotmod.dat,18092197188.28575,7.37,8595894.08261579,5.869657735811045,66.92738145692445,5.577281788077038,51025949.146683276,3.5125344062304875,2.261981092821535,0.18849842440179457,14,qfst_final_plots\F579-V1_final_compare.png
F583-1,F583-1_rotmod.dat,7017795986.516475,10.29,7986671.037600004,5.869657735811073,65.96634697272627,2.8681020422924464,706412.5743687098,38.242886185914536,34.51926688840519,1.5008376908002257,25,qfst_final_plots\F583-1_final_compare.png
F583-4,F583-4_rotmod.dat,2713760207.9245634,3.92,7418850.600804572,5.8696577358109945,10.739209044906232,1.0739209044906233,79844.84750863125,199.99999999999997,1.1538655777883613,0.11538655777883614,12,qfst_final_plots\F583-4_final_compare.png
IC2574,IC2574_rotmod.dat,3122504854.3857985,6.54,7500086.484362577,5.869657735811036,664.5095760096207,20.765924250300646,40153.84937299736,199.99999999999866,90.72362395042366,2.8351132484507393,34,qfst_final_plots\IC2574_final_compare.png
IC4202,IC4202_rotmod.dat,227160936090.67685,9.45,10461297.695583401,5.869657735811065,1511.776586615136,50.3925528871712,5878.063440002967,0.050000000089420786,1531.355146336184,51.045171544539464,32,qfst_final_plots\IC4202_final_compare.png
KK98-251,KK98-251_rotmod.dat,333390783.40093356,1.89,6304526.973657499,5.869657735810936,7.439020679987353,0.5722323599990271,36853.98589616123,199.99999999999056,23.021134544955224,1.770856503458094,15,qfst_final_plots\KK98-251_final_compare.png
NGC0024,NGC0024_rotmod.dat,5306442823.720597,2.34,7815246.508445608,5.869657735810953,272.6877093766478,10.099544791727695,20297668.60732429,6.288578586779764,13.68878418696752,0.506992006924723,29,qfst_final_plots\NGC0024_final_compare.png
NGC0055,NGC0055_rotmod.dat,10777708669.94821,7.37,8257123.842936062,5.869657735811045,90.85697650306537,4.781946131740282,67082.15873158496,199.9999999999995,48.59848488887694,2.5578149941514177,21,qfst_final_plots\NGC0055_final_compare.png
NGC0100,NGC0100_rotmod.dat,4646746880.074587,3.42,7735126.435154514,5.869657735810983,11.554664522259587,0.6081402380136625,106285.68690598903,199.99999999868984,35.01149284679158,1.842710149831136,21,qfst_final_plots\NGC0100_final_compare.png
NGC0247,NGC0247_rotmod.dat,12116521889.19235,8.07,8332513.069810489,5.869657735811053,141.02787074636336,5.876161281098473,996201.4723863343,30.6578792215873,13.545409223557721,0.5643920509815717,26,qfst_final_plots\NGC0247_final_compare.png
NGC0289,NGC0289_rotmod.dat,119646169427.40201,5.43,9953431.890552696,5.86965773581102,64.66079301068683,2.4869535773341087,300293.7207175283,84.88871363388222,47.78439525285744,1.8378613558791324,28,qfst_final_plots\NGC0289_final_compare.png
NGC0300,NGC0300_rotmod.dat,4694201351.106131,4.08,7741229.447723832,5.869657735810997,76.52938698911365,3.3273646517005933,152962.82430444445,181.20609521298755,14.43793468199504,0.6277362905215235,25,qfst_final_plots\NGC0300_final_compare.png
NGC0801,NGC0801_rotmod.dat,410370537136.39825,17.65,10952726.168935133,5.869657735811115,296.2717694547684,26.933797223160763,0.12100645671307575,0.05000137668706506,270.85388397471075,24.62308036133734,13,qfst_final_plots\NGC0801_final_compare.png
NGC0891,NGC0891_rotmod.dat,159580835523.76965,3.24,10178457.740613706,5.8696577358109785,809.9106129265988,50.619413307912424,3.977702532429248,0.050000075715133964,698.3545141658157,43.64715713536348,18,qfst_final_plots\NGC0891_final_compare.png
NGC1003,NGC1003_rotmod.dat,16762544966.45825,6.22,8545112.326391554,5.869657735811031,67.70392299660381,1.9912918528412884,100366.5926190028,180.1253014257929,56.013812031541214,1.6474650597512122,36,qfst_final_plots\NGC1003_final_compare.png
NGC1090,NGC1090_rotmod.dat,98062760918.31041,8.17,9800916.923427789,5.869657735811053,167.26342438332568,7.602882926514804,71569.77937345875,199.99999996998503,130.73470250538404,5.942486477517456,24,qfst_final_plots\NGC1090_final_compare.png
NGC1705,NGC1705_rotmod.dat,812881992.4895949,1.11,6756130.298525422,5.8696577358108915,362.4463488651198,30.203862405426648,78594858.99661061,2.1760614777824845,0.8988165135828105,0.07490137613190087,14,qfst_final_plots\NGC1705_final_compare.png
NGC2366,NGC2366_rotmod.dat,1217587883.9808106,2.97,6971377.39771293,5.869657735810972,71.77314092115445,2.9905475383814353,69774.17007057798,199.99999999999272,82.38110457060753,3.432546023775314,26,qfst_final_plots\NGC2366_final_compare.png
NGC2403,NGC2403_rotmod.dat,17967944378.839012,3.59,8591297.11887888,5.8696577358109865,264.0561451354565,3.7191006357106553,152707.3567491343,199.99999999999997,241.652653095867,3.403558494307986,73,qfst_final_plots\NGC2403_final_compare.png
NGC2683,NGC2683_rotmod.dat,83880528717.29773,5.77,9682791.755062303,5.869657735811026,30.59206113980439,3.39911790442271,84597.40273555541,199.99999999948307,29.099687275497715,3.2332985861664127,11,qfst_final_plots\NGC2683_final_compare.png
NGC2841,NGC2841_rotmod.dat,260390267389.29883,7.18,10572747.573353339,5.869657735811042,814.3989216226047,16.96664420047093,2276953.2629461554,49.96170910290422,7.756404098568966,0.16159175205352014,50,qfst_final_plots\NGC2841_final_compare.png
NGC2903,NGC2903_rotmod.dat,88498130892.15483,2.56,9723152.274379386,5.869657735810959,1414.9945393770865,44.218579355533954,111827.58913039869,199.99999999999997,1430.5947879328667,44.70608712290208,34,qfst_final_plots\NGC2903_final_compare.png
NGC2915,NGC2915_rotmod.dat,1574697493.2960918,2.67,7111950.763010735,5.869657735810963,238.984673617734,8.53516691491907,12509563.210516356,6.814334667358164,38.96637066125724,1.3916560950449013,30,qfst_final_plots\NGC2915_final_compare.png
NGC2955,NGC2955_rotmod.dat,377596677275.6131,8.42,10882190.98868755,5.869657735811056,388.3502478884946,17.652283994931572,0.03904234094079584,0.05000001065703412,294.0586660046072,13.366303000209417,24,qfst_final_plots\NGC2955_final_compare.png
NGC2976,NGC2976_rotmod.dat,3333981145.579916,1.42,7538334.404350903,5.869657735810912,40.30596217856145,1.612238487142458,0.0034141551495849853,0.05000000006855521,28.089902523189206,1.1235961009275683,27,qfst_final_plots\NGC2976_final_compare.png
NGC2998,NGC2998_rotmod.dat,207160693758.81863,12.5,10386725.015311575,5.869657735811088,30.71660134595551,2.7924183041777737,113414.38832139294,199.99999999999955,22.048531070690366,2.004411915517306,13,qfst_final_plots\NGC2998_final_compare.png
NGC3109,NGC3109_rotmod.dat,803847274.4142871,3.61,6750271.519263496,5.869657735810987,198.82473107209168,8.644553524873551,108267.39569351617,199.99999999999997,80.29394023453594,3.491040879762432,25,qfst_final_plots\NGC3109_final_compare.png
NGC3198,NGC3198_rotmod.dat,62384725618.71359,6.74,9462801.090715785,5.869657735811037,61.34206255756762,1.4961478672577468,98563.4351017547,199.99999999999997,59.95275755930109,1.4622623794951486,43,qfst_final_plots\NGC3198_final_compare.png
NGC3521,NGC3521_rotmod.dat,96947963311.66878,2.92,9792222.677134298,5.8696577358109705,846.9630050153852,21.71700012859962,0.0002994175397361687,0.050000000000576375,818.3544411963019,20.983447210161586,41,qfst_final_plots\NGC3521_final_compare.png
NGC3726,NGC3726_rotmod.dat,86409146976.4228,6.98,9705140.02123302,5.8696577358110416,218.17487921982672,21.81748792198267,6.797075912239961,0.05000419303469514,179.18625254927315,17.918625254927314,12,qfst_final_plots\NGC3726_final_compare.png
NGC3741,NGC3741_rotmod.dat,317529102.3415756,3.73,6280717.244341604,5.86965773581099,145.36057139586495,7.65055638925605,428332.4117549051,40.6259249824843,9.22730955389966,0.48564787125787684,21,qfst_final_plots\NGC3741_final_compare.png
NGC3769,NGC3769_rotmod.dat,27494500070.447178,3.5,8879719.187668022,5.869657735810985,67.38668840242715,6.738668840242715,82893.00410259956,179.2805999425423,62.70950294777065,6.270950294777065,12,qfst_final_plots\NGC3769_final_compare.png
NGC3877,NGC3877_rotmod.dat,97435966075.08447,6.98,9796039.872771965,5.8696577358110416,252.1511327217915,22.92283024743559,0.015934424576698802,0.05000000011584811,146.03390142222074,13.275809220201886,13,qfst_final_plots\NGC3877_final_compare.png
NGC3893,NGC3893_rotmod.dat,71814832514.18005,3.5,9566767.290024314,5.869657735810985,98.04339618919771,12.255424523649713,103500.89971267818,199.9999998967071,105.62729933137868,13.203412416422335,10,qfst_final_plots\NGC3893_final_compare.png
NGC3917,NGC3917_rotmod.dat,30479405038.38015,6.11,8951043.143189026,5.869657735811029,24.506985202179155,1.6337990134786105,127125.82528044604,199.99999999271844,36.49459626300881,2.4329730842005874,17,qfst_final_plots\NGC3917_final_compare.png
NGC3949,NGC3949_rotmod.dat,43177572189.25383,3.5,9196321.2799063,5.869657735810985,158.87919127575873,31.775838255151747,66.38242030888796,0.05000013001314235,135.4564333909539,27.091286678190777,7,qfst_final_plots\NGC3949_final_compare.png
NGC3953,NGC3953_rotmod.dat,179596828553.15286,8.72,10272245.396931125,5.869657735811058,61.37852353431386,10.229753922385642,4.043791366508231,0.05000004535733567,24.187338403971314,4.031223067328552,8,qfst_final_plots\NGC3953_final_compare.png
NGC3972,NGC3972_rotmod.dat,19147089839.11828,5.24,8633789.385701127,5.869657735811018,18.63684138805452,2.329605173506815,153589.2224903354,199.99999999999915,13.785613857722845,1.7232017322153557,10,qfst_final_plots\NGC3972_final_compare.png
NGC3992,NGC3992_rotmod.dat,266083117569.55655,13.79,10590511.47574457,5.869657735811096,38.98816704934238,5.569738149906054,281929.98513191787,132.8086190951834,1.5966842867381945,0.2280977552483135,9,qfst_final_plots\NGC3992_final_compare.png
NGC4010,NGC4010_rotmod.dat,22584478312.967094,5.24,8745155.256527815,5.869657735811018,44.18174548819135,4.4181745488191355,78707.0156847501,199.99999999998838,48.944833384768195,4.894483338476819,12,qfst_final_plots\NGC4010_final_compare.png
NGC4013,NGC4013_rotmod.dat,85658781862.33801,5.49,9698571.827899268,5.869657735811022,167.98781294986455,4.940818027937192,107831.14668936557,199.99999999999997,164.5618912736788,4.8400556256964355,36,qfst_final_plots\NGC4013_final_compare.png
NGC4051,NGC4051_rotmod.dat,85377423469.22719,6.98,9696095.3171719,5.8696577358110416,152.94331172614136,30.588662345228272,788.115521216765,0.05000892263434378,70.6371883834573,14.12743767669146,7,qfst_final_plots\NGC4051_final_compare.png
NGC4068,NGC4068_rotmod.dat,490621355.51893556,1.91,6496462.706769142,5.869657735810936,5.1005337543283815,1.2751334385820954,27071.920555283286,199.99999999990894,9.936094732219903,2.484023683054976,6,qfst_final_plots\NGC4068_final_compare.png
NGC4085,NGC4085_rotmod.dat,28817372420.40801,3.58,8912168.470137136,5.8696577358109865,232.62462055610513,46.524924111221026,8.52677730936557,0.05000001902017372,187.7294441420578,37.545888828411556,7,qfst_final_plots\NGC4085_final_compare.png
NGC4088,NGC4088_rotmod.dat,128652752010.58038,5.24,10009664.49652044,5.869657735811018,598.5859839180407,59.85859839180407,0.04340434054029174,0.05000000270527566,390.1249171549368,39.01249171549368,12,qfst_final_plots\NGC4088_final_compare.png
NGC4100,NGC4100_rotmod.dat,69034482264.63919,5.24,9537490.955515414,5.869657735811018,24.33478189385464,1.1061264497206655,124426.99638122071,199.99999999988938,24.95412462347969,1.1342783919763495,24,qfst_final_plots\NGC4100_final_compare.png
NGC4138,NGC4138_rotmod.dat,47678217459.47469,2.61,9267373.872926472,5.869657735810962,13.947717919695306,2.789543583939061,94683.17585836754,199.99999999999375,15.046545704191319,3.0093091408382637,7,qfst_final_plots\NGC4138_final_compare.png
NGC4157,NGC4157_rotmod.dat,121923446471.82127,5.24,9968009.71720125,5.869657735811018,270.5655035099313,18.03770023399542,129.00343337026425,0.05007721601611653,241.8784443120617,16.125229620804113,17,qfst_final_plots\NGC4157_final_compare.png
NGC4183,NGC4183_rotmod.dat,18262188100.013706,6.98,8602136.264599359,5.8696577358110416,41.98184582979573,1.9991355157045585,3008849.0103441016,14.934184986502487,4.259864026459651,0.20285066792665005,23,qfst_final_plots\NGC4183_final_compare.png
NGC4214,NGC4214_rotmod.dat,1449899234.8549404,1.04,7066514.657338382,5.869657735810886,150.02405897963428,12.502004914969524,6580379.46543373,10.499967176847587,8.65196765785803,0.7209973048215025,14,qfst_final_plots\NGC4214_final_compare.png
NGC4217,NGC4217_rotmod.dat,91795162022.41893,3.5,9750798.212808125,5.869657735810985,1250.0227568865907,73.53075040509357,0.4807144063524902,0.0500000165524154,1143.2872796316867,67.25219291951099,19,qfst_final_plots\NGC4217_final_compare.png
NGC4389,NGC4389_rotmod.dat,24924918158.00394,3.58,8812347.00470765,5.8696577358109865,549.7339415532166,137.43348538830415,21.00828373618424,0.05000007298557474,479.2146881582104,119.8036720395526,6,qfst_final_plots\NGC4389_final_compare.png
NGC4559,NGC4559_rotmod.dat,33698977456.44789,5.9,9021084.91517151,5.8696577358110265,217.833280519382,7.261109350646066,70716.06899559827,199.9999999999929,111.6728738984139,3.72242912994713,32,qfst_final_plots\NGC4559_final_compare.png
NGC5005,NGC5005_rotmod.dat,201047100314.88376,4.42,10362601.687399564,5.869657735811003,213.560346352249,13.347521647015563,0.018678563530556858,0.05000000007435796,192.82519678485488,12.05157479905343,18,qfst_final_plots\NGC5005_final_compare.png
NGC5033,NGC5033_rotmod.dat,133471923333.73056,3.8,10038277.838146785,5.869657735810992,245.87277403409158,12.293638701704579,201647.115818314,156.89231859577896,197.2339346281072,9.86169673140536,22,qfst_final_plots\NGC5033_final_compare.png
NGC5055,NGC5055_rotmod.dat,173801479118.82397,5.03,10246124.842216758,5.869657735811014,913.3395571828436,35.12844450703245,61333.735070354734,199.99999999828708,832.2574182563872,32.009900702168736,28,qfst_final_plots\NGC5055_final_compare.png
NGC5371,NGC5371_rotmod.dat,382694067101.20605,11.55,10893523.670641629,5.8696577358110815,398.2134047728515,23.424317927814794,78.69820200302638,0.050035931388455634,180.9486732786721,10.64403960462777,19,qfst_final_plots\NGC5371_final_compare.png
NGC5585,NGC5585_rotmod.dat,5788614066.457036,4.11,7868184.871803854,5.869657735810998,150.70727361688728,6.850330618949422,87084.89043058317,199.9999999994714,292.7041234835129,13.304732885614222,24,qfst_final_plots\NGC5585_final_compare.png
NGC5907,NGC5907_rotmod.dat,232783235321.46304,10.07,10481169.799967833,5.86965773581107,40.20123548415748,2.3647785578916163,120961.21296236006,199.99999999999997,13.371791884488777,0.7865759932052222,19,qfst_final_plots\NGC5907_final_compare.png
NGC5985,NGC5985_rotmod.dat,290991492245.43036,12.56,10664329.68133008,5.869657735811088,612.408407808155,19.755109929295323,72063060.52135795,7.015756410394618,15.087253698946146,0.48668560319181114,33,qfst_final_plots\NGC5985_final_compare.png
NGC6015,NGC6015_rotmod.dat,43135923341.86772,4.27,9195632.408987116,5.869657735811001,136.49418116171228,3.249861456231245,145733.55336795686,199.9999999915129,72.71230744137512,1.731245415270836,44,qfst_final_plots\NGC6015_final_compare.png
NGC6195,NGC6195_rotmod.dat,433313713018.544,11.36,10999074.688077293,5.869657735811081,463.7866185443162,22.085077073538866,0.013442279567243531,0.050000002340949076,290.7831178654022,13.846815136447722,23,qfst_final_plots\NGC6195_final_compare.png
NGC6503,NGC6503_rotmod.dat,16548534761.609032,2.28,8536593.718520807,5.86965773581095,85.89385561642193,2.961857090221446,317802.2667408779,80.05386215789487,107.83367605542858,3.7184026226009856,31,qfst_final_plots\NGC6503_final_compare.png
NGC6674,NGC6674_rotmod.dat,255600778374.59235,12.54,10557522.824403366,5.869657735811088,150.47537178694228,11.57502859899556,946419.8962049149,62.84516427874283,6.440583600655246,0.4954295077427112,15,qfst_final_plots\NGC6674_final_compare.png
NGC6789,NGC6789_rotmod.dat,98648118.84568545,0.51,5735890.942847358,5.869657735810828,54.618900621933165,27.309450310966582,613417.9597175865,160.5383935127612,4.234692503264132,2.117346251632066,4,qfst_final_plots\NGC6789_final_compare.png
NGC6946,NGC6946_rotmod.dat,77279523313.6852,4.4,9621382.875021853,5.869657735811003,865.6219639004391,15.4575350696507,0.26377147252787836,0.050000023162531666,635.3177437927761,11.344959710585288,58,qfst_final_plots\NGC6946_final_compare.png
NGC7331,NGC7331_rotmod.dat,286009109034.4603,4.27,10650043.050636932,5.869657735811001,1161.9045721647428,34.173663887198316,0.011667167796986178,0.05000000168324252,1078.1700298693086,31.710883231450254,36,qfst_final_plots\NGC7331_final_compare.png
NGC7793,NGC7793_rotmod.dat,9949634034.843695,2.27,8206043.390440907,5.86965773581095,61.01089196067184,1.38661118092436,62938.62637777542,199.9999999999031,77.65577759990761,1.7649040363615365,46,qfst_final_plots\NGC7793_final_compare.png
NGC7814,NGC7814_rotmod.dat,80027461179.94884,2.79,9647513.23087089,5.869657735810967,166.3676863283313,10.397980395520706,286982.20048920653,199.99999999998315,85.59888191381549,5.349930119613468,18,qfst_final_plots\NGC7814_final_compare.png
PGC51017,PGC51017_rotmod.dat,347637633.1199199,1.65,6325038.154382979,5.869657735810923,268.68626897722095,67.17156724430524,50.46899082971504,0.05000235847863047,16.313920993853106,4.0784802484632765,6,qfst_final_plots\PGC51017_final_compare.png
UGC00128,UGC00128_rotmod.dat,27942644313.86894,16.22,8890870.189243872,5.869657735811109,39.5834621546867,1.979173107734335,2337880.8601161162,22.57196019233057,4.648247596559093,0.23241237982795465,22,qfst_final_plots\UGC00128_final_compare.png
UGC00191,UGC00191_rotmod.dat,5005647541.74367,4.97,7779926.349547156,5.869657735811014,119.18722252862854,17.026746075518364,2151869.6477466132,16.52360154670452,14.541875502557405,2.0774107860796294,9,qfst_final_plots\UGC00191_final_compare.png
UGC00634,UGC00634_rotmod.dat,8857653779.673529,9.01,8132326.197011007,5.869657735811061,43.81863148645648,21.90931574322824,408287.9474348655,70.02147886858059,2.870747022242237,1.4353735111211186,4,qfst_final_plots\UGC00634_final_compare.png
UGC00731,UGC00731_rotmod.dat,3659578640.039088,7.28,7593056.088734818,5.869657735811043,251.8337305010211,25.183373050102112,5424645.618685927,8.465882606034926,2.6032382154360394,0.26032382154360395,12,qfst_final_plots\UGC00731_final_compare.png
UGC00891,UGC00891_rotmod.dat,1228679947.8371327,4.45,6976286.459049733,5.869657735811004,5.6312924066498375,1.877097468883279,81727.43975708442,199.9999999999991,10.272056797284971,3.4240189324283237,5,qfst_final_plots\UGC00891_final_compare.png
UGC01230,UGC01230_rotmod.dat,21599812668.15122,13.27,8714947.057856256,5.869657735811092,25.523268688314214,2.8359187431460238,5566632.587320931,11.389735294184659,8.728580783499478,0.9698423092777197,11,qfst_final_plots\UGC01230_final_compare.png
UGC01281,UGC01281_rotmod.dat,871259040.7414163,3.07,6792599.0496447915,5.869657735810975,53.90491662617556,2.3436920272250243,94496.43293823428,199.99999999986412,31.878111582898253,1.386004851430359,25,qfst_final_plots\UGC01281_final_compare.png
UGC02023,UGC02023_rotmod.dat,1507610854.8224416,3.03,7087956.94723614,5.869657735810973,1.7815581671123346,0.5938527223707782,34980.82827764344,199.99999999999983,3.0326054953131685,1.0108684984377228,5,qfst_final_plots\UGC02023_final_compare.png
UGC02259,UGC02259_rotmod.dat,3379800770.2383404,4.07,7546325.607971407,5.869657735810997,254.86699423120365,42.47783237186727,27108070.25058488,4.255155330703538,1.3984481279712568,0.23307468799520947,8,qfst_final_plots\UGC02259_final_compare.png
UGC02455,UGC02455_rotmod.dat,4819245686.821862,2.01,7757042.653881544,5.869657735810939,933.6246512274749,155.60410853791248,0.03256383611005731,0.05000000053579703,755.711078880862,125.95184648014367,8,qfst_final_plots\UGC02455_final_compare.png
UGC02487,UGC02487_rotmod.dat,546605968285.0326,15.07,11199175.429370504,5.869657735811103,376.6346470831221,25.10897647220814,2895774.23357377,47.86346696094759,3.2255393107516794,0.21503595405011197,17,qfst_final_plots\UGC02487_final_compare.png
UGC02885,UGC02885_rotmod.dat,579931230920.1799,19.49,11250740.355344888,5.869657735811123,144.53610297147466,8.502123704204392,191344.38369623377,199.99999999999307,25.932728399261855,1.5254546117212855,19,qfst_final_plots\UGC02885_final_compare.png
UGC02916,UGC02916_rotmod.dat,179821157869.7667,7.39,10273240.775707223,5.869657735811045,613.5747311687404,14.965237345579034,0.0005181282203921,0.050000000020836294,580.8484978637039,14.16703653326107,43,qfst_final_plots\UGC02916_final_compare.png
UGC02953,UGC02953_rotmod.dat,277220550624.7607,5.32,10624273.404690234,5.869657735811019,1373.740865857265,12.15699881289615,202681.29326789934,199.99999999999784,999.915012471949,8.848805420105743,115,qfst_final_plots\UGC02953_final_compare.png
UGC03205,UGC03205_rotmod.dat,134447816351.30643,5.8,10043955.860463174,5.869657735811026,126.83232521798632,2.7572244612605723,165214.77938390998,199.99999999999997,75.84144723022507,1.648727113700545,48,qfst_final_plots\UGC03205_final_compare.png
UGC03546,UGC03546_rotmod.dat,109650849990.4305,2.79,9886259.238650598,5.869657735810967,459.112836619345,16.396887022119465,81425.08653268624,199.99999986612568,451.1713022409228,16.11326079431867,30,qfst_final_plots\UGC03546_final_compare.png
UGC03580,UGC03580_rotmod.dat,21254367161.363438,4.52,8704047.610750342,5.869657735811006,2609.724287335677,57.99387305190394,66777.86348010943,199.99999999923136,2730.9896124479583,60.68865805439907,47,qfst_final_plots\UGC03580_final_compare.png
UGC04278,UGC04278_rotmod.dat,4122665419.1956673,5.68,7663608.70174575,5.869657735811024,98.47834428881868,4.2816671429921165,135187.53572090867,199.99999999999218,50.83918619091415,2.210399399604963,25,qfst_final_plots\UGC04278_final_compare.png
UGC04305,UGC04305_rotmod.dat,1878363403.1472201,3.01,7209966.35725769,5.869657735810972,715.8209009726311,35.79104504863155,1.4888907315935285e-06,0.05000000000000505,51.49504068084767,2.5747520340423837,22,qfst_final_plots\UGC04305_final_compare.png
UGC04325,UGC04325_rotmod.dat,3799197980.355983,3.49,7615156.087100826,5.869657735810985,319.0476517672442,53.17460862787403,25006911.976376977,4.682362140526584,9.966485466834708,1.661080911139118,8,qfst_final_plots\UGC04325_final_compare.png
UGC04483,UGC04483_rotmod.dat,57645047.42447851,0.73,5501606.910963258,5.869657735810858,46.73067974193445,7.788446623655742,111980.16410352457,113.01678283296222,2.878604310938992,0.4797673851564987,8,qfst_final_plots\UGC04483_final_compare.png
UGC04499,UGC04499_rotmod.dat,4068144211.4445524,4.55,7655693.360154212,5.869657735811006,16.5432954831878,2.363327926169686,234394.0997435462,83.22662199856333,10.380858035718372,1.482979719388339,9,qfst_final_plots\UGC04499_final_compare.png
UGC05005,UGC05005_rotmod.dat,14562928434.908413,17.97,8452316.333947932,5.869657735811117,18.12280586821159,2.0136450964679544,65274.304877126706,199.99999999999997,3.70949344655913,0.41216593850656996,11,qfst_final_plots\UGC05005_final_compare.png
UGC05253,UGC05253_rotmod.dat,208809872827.99426,6.47,10393119.940206913,5.8696577358110344,661.9794477523052,9.32365419369444,120842.65695241961,199.9999999997453,634.915485951231,8.942471633115929,73,qfst_final_plots\UGC05253_final_compare.png
UGC05414,UGC05414_rotmod.dat,1646178783.3785222,2.74,7136500.2573720245,5.869657735810965,5.655339534048308,1.413834883512077,74875.89708055077,199.999999999995,9.107656441387766,2.2769141103469415,6,qfst_final_plots\UGC05414_final_compare.png
UGC05716,UGC05716_rotmod.dat,2840664799.1387515,7.23,7445216.14105165,5.869657735811043,102.32233418383521,10.23223341838352,3215705.7104954836,11.61330105512078,1.7424129753821642,0.17424129753821643,12,qfst_final_plots\UGC05716_final_compare.png
UGC05721,UGC05721_rotmod.dat,1486825586.8465145,1.71,7080322.980526932,5.869657735810926,598.9597389332647,28.521892330155463,36902784.28835794,3.619063624393621,27.65670782056424,1.3169860866935352,23,qfst_final_plots\UGC05721_final_compare.png
UGC05750,UGC05750_rotmod.dat,11005375213.739166,11.43,8270532.723441658,5.869657735811081,30.2910707119492,3.3656745235499113,105813.00838514384,106.90225012974177,7.198247945621757,0.7998053272913064,11,qfst_final_plots\UGC05750_final_compare.png
UGC05764,UGC05764_rotmod.dat,429346318.4853177,2.17,6429535.859279142,5.869657735810946,638.5591814035752,79.8198976754469,19799373.829564042,3.4537545428279253,19.47243960261495,2.434054950326869,10,qfst_final_plots\UGC05764_final_compare.png
UGC05829,UGC05829_rotmod.dat,2580456188.804204,5.03,7389901.376114968,5.869657735811014,9.332006943464956,1.036889660384995,81094.12543481529,199.99999999999997,0.7312084340661424,0.08124538156290471,11,qfst_final_plots\UGC05829_final_compare.png
UGC05918,UGC05918_rotmod.dat,551884233.7509036,3.34,6556069.685133638,5.869657735810981,26.386376479475494,4.397729413245916,3192747.7438044795,7.318944936826609,0.7389978246367472,0.12316630410612454,8,qfst_final_plots\UGC05918_final_compare.png
UGC05986,UGC05986_rotmod.dat,6846801753.466788,3.13,7971393.197566498,5.869657735810976,191.31354376431705,14.716426443409004,217391.60183549332,199.99999999930643,46.00714614447545,3.5390112418827266,15,qfst_final_plots\UGC05986_final_compare.png
UGC05999,UGC05999_rotmod.dat,12545389311.695562,13.89,8355040.839672622,5.869657735811096,5.8160197824886435,1.9386732608295478,95696.65558628274,199.99999999991823,9.428479289896915,3.142826429965638,5,qfst_final_plots\UGC05999_final_compare.png
UGC06399,UGC06399_rotmod.dat,4232116606.1039944,4.37,7679211.443265176,5.869657735811003,39.67671984204717,5.668102834578167,428132.78191342147,72.47614362509323,3.6200173567947567,0.5171453366849652,9,qfst_final_plots\UGC06399_final_compare.png
UGC06446,UGC06446_rotmod.dat,3710995439.7856545,5.81,7601283.7847354645,5.869657735811026,219.33337414071516,14.622224942714345,10721333.69788429,6.757496524762202,3.0385021976656446,0.20256681317770964,17,qfst_final_plots\UGC06446_final_compare.png
UGC06614,UGC06614_rotmod.dat,183153235998.73737,11.58,10287892.341164581,5.8696577358110815,110.07398206639579,10.006725642399617,87033.20177329872,199.99999999996885,85.14818672581083,7.7407442478009845,13,qfst_final_plots\UGC06614_final_compare.png
UGC06628,UGC06628_rotmod.dat,5667858403.794494,5.5,7855319.93652009,5.869657735811022,77.61618035925632,15.523236071851263,0.0006202749636941007,0.05000000002114391,6.670312378891334,1.3340624757782669,7,qfst_final_plots\UGC06628_final_compare.png
UGC06667,UGC06667_rotmod.dat,2143307690.2505128,5.24,7284191.723878178,5.869657735811018,316.6105771786016,45.230082454085945,2143387.7789561823,22.80273631439401,7.358048638778889,1.0511498055398412,9,qfst_final_plots\UGC06667_final_compare.png
UGC06786,UGC06786_rotmod.dat,83342937279.27863,4.54,9677960.449482936,5.869657735811006,331.709903672546,7.714183806338278,318097.9776806977,179.61674049457417,66.69364109742314,1.5510149092423986,45,qfst_final_plots\UGC06786_final_compare.png
UGC06787,UGC06787_rotmod.dat,112547175798.5981,3.79,9906286.381442035,5.869657735810992,1005.9131073326082,14.578450830907366,306742.0656428394,199.9999999785875,571.0615064756221,8.276253717038001,71,qfst_final_plots\UGC06787_final_compare.png
UGC06818,UGC06818_rotmod.dat,2669346482.8964634,3.5,7409353.998561627,5.869657735810985,24.771150645110602,4.128525107518434,66057.68034557198,199.99999999991707,40.12216246890283,6.6870270781504715,8,qfst_final_plots\UGC06818_final_compare.png
UGC06917,UGC06917_rotmod.dat,12126775918.793724,6.11,8333060.222861421,5.869657735811029,40.061022387528155,4.45122470972535,150578.79571873439,199.99999999332607,10.140244772300367,1.1266938635889296,11,qfst_final_plots\UGC06917_final_compare.png
UGC06923,UGC06923_rotmod.dat,4368756222.981594,2.87,7698175.823443324,5.869657735810968,7.738824915457352,1.934706228864338,102303.86757146395,199.99999999999997,9.459002419657516,2.364750604914379,6,qfst_final_plots\UGC06923_final_compare.png
UGC06930,UGC06930_rotmod.dat,16495582009.509691,8.72,8534470.27350793,5.869657735811058,11.370478055639246,1.4213097569549058,2280382.6060363017,17.377567621689856,2.8485918805141783,0.3560739850642723,10,qfst_final_plots\UGC06930_final_compare.png
UGC06973,UGC06973_rotmod.dat,58374058109.44189,1.74,9414118.517725684,5.869657735810928,1011.0848195601335,144.4406885085905,0.02320764068281278,0.05000000005322078,960.406516888322,137.200930984046,9,qfst_final_plots\UGC06973_final_compare.png
UGC06983,UGC06983_rotmod.dat,11689711152.1459,6.98,8309350.936674951,5.8696577358110416,101.65481534688519,6.776987689792346,4428684.380170527,13.91171459138798,10.414014736353888,0.6942676490902592,17,qfst_final_plots\UGC06983_final_compare.png
UGC07089,UGC07089_rotmod.dat,5893543634.654982,5.24,7879164.295850533,5.869657735811018,45.31150308429929,4.531150308429929,48693.673042089365,199.999999999996,11.15759086809102,1.115759086809102,12,qfst_final_plots\UGC07089_final_compare.png
UGC07125,UGC07125_rotmod.dat,8127602832.89642,10.08,8078209.642512526,5.86965773581107,980.355851516346,89.12325922875873,115609.03562870804,59.01913929895776,10.268617707545513,0.9335107006859557,13,qfst_final_plots\UGC07125_final_compare.png
UGC07151,UGC07151_rotmod.dat,3950914359.2191586,3.49,7638337.217470747,5.869657735810985,32.21903704784341,3.579893005315934,144780.73049535023,146.62932883214177,14.282175730529836,1.5869084145033152,11,qfst_final_plots\UGC07151_final_compare.png
UGC07232,UGC07232_rotmod.dat,143672044.63683805,0.62,5905753.2702606125,5.869657735810845,25.798316277403373,12.899158138701686,156466.49282106655,199.9999293779411,8.171154218158057,4.085577109079028,4,qfst_final_plots\UGC07232_final_compare.png
UGC07261,UGC07261_rotmod.dat,3286108727.192694,2.86,7529876.235308138,5.869657735810968,16.889163755214483,3.3778327510428965,4324701.442909331,9.412602090861332,1.7104155569376438,0.3420831113875288,7,qfst_final_plots\UGC07261_final_compare.png
UGC07323,UGC07323_rotmod.dat,6129988323.578613,4.07,7903258.495294823,5.869657735810997,5.887353711883654,0.7359192139854568,64007.88446243293,199.99999999962037,11.744488506540513,1.4680610633175641,10,qfst_final_plots\UGC07323_final_compare.png
UGC07399,UGC07399_rotmod.dat,2304538085.178372,3.07,7325316.889452631,5.869657735810975,623.9749390028716,77.99686737535895,11939390.300153434,9.606361569048328,6.662067712111697,0.8327584640139621,10,qfst_final_plots\UGC07399_final_compare.png
UGC07524,UGC07524_rotmod.dat,6618472584.5144825,7.58,7950434.409899066,5.869657735811048,95.52237777221043,3.2938750955934633,876327.8326634789,28.32422856818605,23.724666123947316,0.8180919353085281,31,qfst_final_plots\UGC07524_final_compare.png
UGC07559,UGC07559_rotmod.dat,299960710.9366969,1.8,6253029.644424284,5.8696577358109305,1.2356337997634081,0.24712675995268163,35544.735143837504,199.99999999999997,3.8760813626084016,0.7752162725216803,7,qfst_final_plots\UGC07559_final_compare.png
UGC07577,UGC07577_rotmod.dat,88046449.91388214,1.13,5685493.138617304,5.869657735810894,19.081573922812748,2.7259391318303927,0.3929374317340262,0.050000169407110745,2.7906408837987766,0.39866298339982525,9,qfst_final_plots\UGC07577_final_compare.png
UGC07603,UGC07603_rotmod.dat,698063338.2363745,1.37,6676742.949111264,5.869657735810909,309.0430333327267,30.90430333327267,598827.3008416924,60.56599780987014,18.663139272897773,1.8663139272897773,12,qfst_final_plots\UGC07603_final_compare.png
UGC07608,UGC07608_rotmod.dat,940416684.6403632,3.59,6832992.464733699,5.8696577358109865,44.20319051224513,7.367198418707521,157601.11195518807,199.99999999999997,2.8985019204594904,0.48308365340991505,8,qfst_final_plots\UGC07608_final_compare.png
UGC07690,UGC07690_rotmod.dat,1413750583.709486,1.77,7052679.290046068,5.869657735810929,11.176354988135902,2.2352709976271803,5990439.894980326,5.513471492006306,2.187769466122239,0.43755389322444777,7,qfst_final_plots\UGC07690_final_compare.png
UGC07866,UGC07866_rotmod.dat,255122971.01002926,1.67,6174936.569696686,5.869657735810925,2.531579530644503,0.5063159061289005,45694.60050319784,199.99999999999997,0.18407424648263038,0.03681484929652608,7,qfst_final_plots\UGC07866_final_compare.png
UGC08286,UGC08286_rotmod.dat,2700571486.208109,3.3,7416045.626518942,5.86965773581098,408.44710463807445,27.22980697587163,8747372.070642939,7.981781671728985,23.585383235786093,1.5723588823857395,17,qfst_final_plots\UGC08286_final_compare.png
UGC08490,UGC08490_rotmod.dat,2235473713.243244,2.37,7308036.245901667,5.869657735810954,441.81998531893987,15.779285189962138,19231261.197794285,4.8128606740382045,4.538882910308247,0.16210296108243738,30,qfst_final_plots\UGC08490_final_compare.png
UGC08550,UGC08550_rotmod.dat,907499353.0315167,3.41,6814120.613076774,5.869657735810983,182.10611492805498,20.234012769783888,5003313.354066815,7.809424938474993,4.053479471680092,0.4503866079644546,11,qfst_final_plots\UGC08550_final_compare.png
UGC08699,UGC08699_rotmod.dat,60442214666.87432,5.87,9439594.659446003,5.8696577358110265,175.6570244241029,4.50402626728469,179535.174255485,199.999999947003,142.46344599016925,3.652908871542801,41,qfst_final_plots\UGC08699_final_compare.png
UGC08837,UGC08837_rotmod.dat,1164869214.040413,3.15,6947466.347181941,5.869657735810976,45.13775112688059,7.522958521146765,18885.10051153234,199.99999999999997,36.91215824532213,6.152026374220355,8,qfst_final_plots\UGC08837_final_compare.png
UGC09037,UGC09037_rotmod.dat,97505504163.40897,8.51,9796582.369052226,5.869657735811057,868.1663149615322,43.40831574807661,1346.9972708916757,0.05032121056252753,609.0010932145451,30.450054660727254,22,qfst_final_plots\UGC09037_final_compare.png
UGC09133,UGC09133_rotmod.dat,352847410278.4123,7.57,10825078.44480127,5.869657735811048,659.1158652330382,9.986604018682398,121313.92512310794,199.99999999994697,449.1821733276195,6.805790504963932,68,qfst_final_plots\UGC09133_final_compare.png
UGC09992,UGC09992_rotmod.dat,718325244.5992619,2.34,6691588.291035723,5.869657735810953,9.87986366037159,3.29328788679053,44974381.61772262,0.8265110362631005,0.0494406918089878,0.016480230602995933,5,qfst_final_plots\UGC09992_final_compare.png
UGC10310,UGC10310_rotmod.dat,3979873518.9006805,5.52,7642668.426535817,5.869657735811022,20.252132833766982,4.050426566753396,4096853.3437893623,8.981466927723712,1.672522299808423,0.3345044599616846,7,qfst_final_plots\UGC10310_final_compare.png
UGC11455,UGC11455_rotmod.dat,435079634897.0961,10.43,11002547.61760252,5.8696577358110735,794.6919853011422,23.37329368532771,0.4481738334870897,0.05000019244798395,648.2078280764022,19.06493611989418,36,qfst_final_plots\UGC11455_final_compare.png
UGC11557,UGC11557_rotmod.dat,18093113239.386627,5.28,8595927.86536383,5.869657735811018,216.68628704600278,21.668628704600277,0.00044577803055290133,0.05000000002053126,79.37975868717609,7.93797586871761,12,qfst_final_plots\UGC11557_final_compare.png
UGC11820,UGC11820_rotmod.dat,5667197519.889609,10.52,7855248.834966896,5.8696577358110735,54.53967299352347,6.817459124190433,890606.4707829171,26.62382042473588,3.9091565789806713,0.4886445723725839,10,qfst_final_plots\UGC11820_final_compare.png
UGC11914,UGC11914_rotmod.dat,151880651006.45145,3.28,10139459.08805871,5.86965773581098,133.2164006667119,2.1145460423287603,48.978159435559064,0.05000012036388094,101.00286789990562,1.6032201253953273,65,qfst_final_plots\UGC11914_final_compare.png
UGC12506,UGC12506_rotmod.dat,236817500501.79605,17.21,10495157.986828258,5.869657735811114,321.4522211503952,11.084559350013627,17159262.60273701,12.845359090243553,10.962150600124753,0.3780051931077501,31,qfst_final_plots\UGC12506_final_compare.png
UGC12632,UGC12632_rotmod.dat,4216199085.3283815,7.11,7676965.625129224,5.869657735811042,88.19496269624132,6.784227899710871,3556558.863360838,10.150034128435264,3.638795870609903,0.2799073746623002,15,qfst_final_plots\UGC12632_final_compare.png
UGC12732,UGC12732_rotmod.dat,8600794746.207233,11.5,8113771.448277902,5.8696577358110815,56.36193573043414,4.025852552173867,1724755.7890525255,20.215715252954762,1.520784878380241,0.10862749131287434,16,qfst_final_plots\UGC12732_final_compare.png
UGCA281,UGCA281_rotmod.dat,94857940.84957103,0.58,5718473.7993998695,5.869657735810839,44.448203118396634,8.889640623679327,125591.23790305942,135.25122240941172,0.918627797606178,0.1837255595212356,7,qfst_final_plots\UGCA281_final_compare.png
UGCA442,UGCA442_rotmod.dat,578919732.8548002,2.96,6580453.150885925,5.8696577358109705,70.89009670830777,11.815016118051295,112810.48067467209,173.3415062947201,6.523539465115637,1.0872565775192728,8,qfst_final_plots\UGCA442_final_compare.png
UGCA444,UGCA444_rotmod.dat,132969293.7793188,1.26,5870371.30794514,5.869657735810902,142.8980948437553,4.2028851424633915,76507.24991082662,199.9999999886018,2.1723397801272295,0.06389234647433029,36,qfst_final_plots\UGCA444_final_compare.png
